-- MySQL dump 10.13  Distrib 5.7.18, for Linux (x86_64)
--
-- Host: localhost    Database: sunrise_airport
-- ------------------------------------------------------
-- Server version	5.7.18-0ubuntu0.16.04.1

/*!40101 SET @OLD_CHARACTER_SET_CLIENT=@@CHARACTER_SET_CLIENT */;
/*!40101 SET @OLD_CHARACTER_SET_RESULTS=@@CHARACTER_SET_RESULTS */;
/*!40101 SET @OLD_COLLATION_CONNECTION=@@COLLATION_CONNECTION */;
/*!40101 SET NAMES utf8 */;
/*!40103 SET @OLD_TIME_ZONE=@@TIME_ZONE */;
/*!40103 SET TIME_ZONE='+00:00' */;
/*!40014 SET @OLD_UNIQUE_CHECKS=@@UNIQUE_CHECKS, UNIQUE_CHECKS=0 */;
/*!40014 SET @OLD_FOREIGN_KEY_CHECKS=@@FOREIGN_KEY_CHECKS, FOREIGN_KEY_CHECKS=0 */;
/*!40101 SET @OLD_SQL_MODE=@@SQL_MODE, SQL_MODE='NO_AUTO_VALUE_ON_ZERO' */;
/*!40111 SET @OLD_SQL_NOTES=@@SQL_NOTES, SQL_NOTES=0 */;

--
-- Table structure for table `flights`
--

DROP TABLE IF EXISTS `flights`;
/*!40101 SET @saved_cs_client     = @@character_set_client */;
/*!40101 SET character_set_client = utf8 */;
CREATE TABLE `flights` (
  `ID` int(11) NOT NULL AUTO_INCREMENT,
  `flight` text NOT NULL,
  `airportName` text NOT NULL,
  `time` text NOT NULL,
  `terminal` text NOT NULL,
  `status` text NOT NULL,
  `typeOfFlight` text NOT NULL,
  PRIMARY KEY (`ID`)
) ENGINE=InnoDB AUTO_INCREMENT=27 DEFAULT CHARSET=latin1;
/*!40101 SET character_set_client = @saved_cs_client */;

--
-- Dumping data for table `flights`
--

LOCK TABLES `flights` WRITE;
/*!40000 ALTER TABLE `flights` DISABLE KEYS */;
INSERT INTO `flights` VALUES (1,'EK 1271','Heatrow','04:20','E','check-in','DEPATURE'),(2,'OA 7147','Heatrow','04:27','F','check-in','ARRIVAL'),(3,'ES 971','Tokyo','18:40','A','check-in','ARRIVAL'),(4,'AZ 1271','John F Kennedy','17:02','B','check-in','DEPATURE'),(5,'XE 1057','Guangzhou','13:50','C','check-in','DEPATURE'),(6,'IQ 5712','Denver','06:46','A','check-in','DEPATURE'),(7,'OA 7241','Heatrow','02:18','A','check-in','DEPATURE'),(8,'ES 571','Tokyo','04:36','A','check-in','DEPATURE'),(9,'AZ 974','John F Kennedy','14:51','E','check-in','DEPATURE'),(10,'EQ 1091','Guangzhou','12:01','D','check-in','ARRIVAL'),(11,'UK 5712','Denver','06:49','F','check-in','ARRIVAL'),(12,'PQ 213','Heatrow','03:21','C','check-in','DEPATURE'),(13,'MN 981','Tokyo','05:25','B','check-in','DEPATURE'),(14,'AZ 982','John F Kennedy','07:41','A','check-in','DEPATURE'),(15,'JS 472','Guangzhou','11:07','A','check-in','DEPATURE'),(16,'SP 9013','Denver','16:44','A','check-in','ARRIVAL'),(17,'AU 717','Shanghai Pudong','01:17','A','check-in','DEPATURE'),(18,'UK 124','Incheon','02:37','B','check-in','ARRIVAL'),(19,'GR 148','Miami','04:11','D','check-in','ARRIVAL'),(20,'JS 225','Indira Gandhi','09:12','B','check-in','DEPATURE'),(21,'RU 9013','Domodedovo','17:38','A','check-in','DEPATURE'),(22,'NL 717','Amsterdam','19:28','B','check-in','DEPATURE'),(23,'IN 771','Soekarno-Hatta','20:23','E','check-in','DEPATURE'),(24,'TH 148','Suvarnabhumi','21:43','E','check-in','ARRIVAL'),(25,'MA 195','Kuala','22:31','E','check-in','DEPATURE'),(26,'CA 7411','Lester B. Pearson','23:54','A','check-in','DEPATURE');
/*!40000 ALTER TABLE `flights` ENABLE KEYS */;
UNLOCK TABLES;

--
-- Table structure for table `airports`
--

DROP TABLE IF EXISTS `airports`;
/*!40101 SET @saved_cs_client     = @@character_set_client */;
/*!40101 SET character_set_client = utf8 */;
CREATE TABLE `airports` (
  `airportName` varchar(26) NOT NULL,
  `city` text NOT NULL,
  PRIMARY KEY (`airportName`)
) ENGINE=InnoDB DEFAULT CHARSET=utf8;
/*!40101 SET character_set_client = @saved_cs_client */;

--
-- Dumping data for table `airports`
--

LOCK TABLES `airports` WRITE;
/*!40000 ALTER TABLE `airports` DISABLE KEYS */;
INSERT INTO `airports` VALUES ('Amsterdam','Amsterdam'),('Denver','Denver'),('Domodedovo','Moscow'),('Guangzhou','Guangzhou'),('Heatrow','London'),('Incheon','Seoul'),('Indira Gandhi','Delhi'),('John F Kennedy','New York'),('Kuala','Kuala Lumpur'),('Lester B. Pearson','Toronto'),('Miami','Miami'),('Shanghai Pudong','Shanghai'),('Soekarno-Hatta','Jakarta'),('Suvarnabhumi','Bangkok'),('Tokyo','Tokyo');
/*!40000 ALTER TABLE `airports` ENABLE KEYS */;
UNLOCK TABLES;

--
-- Table structure for table `passengers`
--

DROP TABLE IF EXISTS `passengers`;
/*!40101 SET @saved_cs_client     = @@character_set_client */;
/*!40101 SET character_set_client = utf8 */;
CREATE TABLE `passengers` (
  `id` int(11) NOT NULL AUTO_INCREMENT,
  `flightNumber` text NOT NULL,
  `firstName` text NOT NULL,
  `lastName` text NOT NULL,
  `nationality` text NOT NULL,
  `passport` text NOT NULL,
  `birthday` date NOT NULL,
  `gender` text NOT NULL,
  `classOfFlight` text NOT NULL,
  PRIMARY KEY (`id`)
) ENGINE=InnoDB AUTO_INCREMENT=798 DEFAULT CHARSET=utf8;
/*!40101 SET character_set_client = @saved_cs_client */;

--
-- Dumping data for table `passengers`
--

LOCK TABLES `passengers` WRITE;
/*!40000 ALTER TABLE `passengers` DISABLE KEYS */;
INSERT INTO `passengers` VALUES (184,'EK 1271','Julia','Cruzo','Italian','T47427058','1955-01-21','female','economy'),(185,'EK 1271','Jasmine','Broflowsky','Chinease','Y04445163','1981-11-06','female','economy'),(186,'EK 1271','Zachary','Morrow','Japanese','X78914736','1966-02-12','male','business'),(187,'EK 1271','Alexandra','Taller','British','X64305610','1963-07-12','female','business'),(188,'EK 1271','Elijah','Forest','Ukrainian','E58270666','1985-09-23','male','business'),(189,'EK 1271','Anthony','McMerfy','Ukrainian','H31913164','1976-11-14','male','economy'),(190,'EK 1271','Jennifer','Brown','British','D34544640','1973-09-18','female','economy'),(191,'EK 1271','Hannah','Fox','Swedish','E92672711','1989-01-27','female','economy'),(192,'EK 1271','Mackenzie','Yagami','British','H48510171','1979-07-02','female','business'),(193,'EK 1271','Alyssa','Forest','Germanic','Y63467037','1947-11-08','female','business'),(194,'EK 1271','Tyler','Maggy','American','Z72877992','1981-04-03','male','business'),(195,'EK 1271','Alexis','Brown','Germanic','G41521093','1951-09-16','female','business'),(196,'EK 1271','Luke','Smith','Chinease','B21979625','1945-09-04','male','economy'),(197,'EK 1271','Morgan','White','Germanic','G17316796','1946-03-18','female','economy'),(198,'EK 1271','Jackson','Kidmann','British','F59017269','1946-11-20','male','business'),(199,'EK 1271','Kayla','Brown','Swedish','N34636640','1967-05-31','female','economy'),(200,'EK 1271','Noah','Kidmann','Australian','O53050712','1990-09-03','male','business'),(201,'EK 1271','Makayla','Smith','Australian','O56331068','1946-02-01','female','business'),(202,'EK 1271','Michael','Brown','Chinease','U28885427','1977-08-05','male','economy'),(203,'EK 1271','Angel','Klinton','Germanic','F08766139','1992-11-17','male','business'),(204,'OA 7147','Grace','Broflowsky','Germanic','X67399303','1958-02-12','female','business'),(205,'OA 7147','Sarah','Maggy','Ukrainian','U17900117','1985-06-22','female','economy'),(206,'OA 7147','Mackenzie','Taller','American','R30720179','1967-08-08','female','business'),(207,'OA 7147','Allison','Kidmann','American','W72276979','1956-04-13','female','business'),(208,'OA 7147','Ashley','Lee','Swedish','C15101597','1954-08-02','female','economy'),(209,'OA 7147','Victoria','Taller','Australian','X25766290','1984-01-04','female','business'),(210,'OA 7147','Megan','Morrow','Japanese','B40646230','1960-04-22','female','economy'),(211,'OA 7147','Emily','Yagami','Ukrainian','S57895026','1948-05-10','female','economy'),(212,'OA 7147','Mia','Token','Ukrainian','U32891280','1957-08-04','female','business'),(213,'OA 7147','Noah','Stone','Ukrainian','N46434898','1963-07-08','male','business'),(214,'OA 7147','David','McMerfy','American','T82082268','1954-08-06','male','business'),(215,'OA 7147','Luke','Fox','Chinease','Y35624713','1990-02-22','male','economy'),(216,'OA 7147','Aaron','Bigetti','Australian','T97872101','1949-06-26','male','business'),(217,'EK 1271','Sophia','McMerfy','Chinease','N55348452','1994-10-28','female','business'),(218,'EK 1271','Makayla','Morrow','British','W13756036','1987-06-07','female','business'),(219,'EK 1271','Chloe','Token','American','J07366694','1945-01-28','female','economy'),(220,'EK 1271','Sydney','Yagami','Australian','U63788588','1986-01-26','female','business'),(221,'EK 1271','William','McMerfy','American','P35455861','1945-09-02','male','business'),(222,'EK 1271','Megan','Fox','Germanic','G47820261','1950-12-11','female','business'),(223,'EK 1271','Andrew','Forest','Japanese','Q56950536','1970-12-03','male','business'),(224,'EK 1271','Grace','Broflowsky','British','X47790965','1982-09-04','female','economy'),(225,'EK 1271','Dylan','Maggy','Swedish','H45242207','1991-06-04','male','economy'),(226,'EK 1271','Olivia','Matsumoto','American','O62972778','1981-04-26','female','economy'),(227,'EK 1271','Savannah','Token','Chinease','V10911630','1947-05-22','female','economy'),(228,'EK 1271','Brianna','Lee','British','E36269238','1979-07-02','female','economy'),(229,'EK 1271','Jordan','Forest','Japanese','P02890646','1970-04-15','male','economy'),(230,'EK 1271','Tyler','Fox','Ukrainian','N84812032','1989-08-01','male','business'),(231,'EK 1271','Joseph','Klinton','Japanese','P51853008','1965-08-08','male','economy'),(232,'EK 1271','Stephanie','Maggy','American','Q02125465','1968-11-25','female','economy'),(233,'EK 1271','Alyssa','Maggy','Australian','P32707611','1988-09-11','female','business'),(234,'EK 1271','Ava','White','Japanese','T91423511','1980-08-25','female','business'),(235,'EK 1271','Michael','McMerfy','Japanese','O13980023','1987-12-10','male','economy'),(236,'EK 1271','Austin','Smith','Germanic','Q62645096','1990-10-23','male','economy'),(237,'OA 7147','Hailey','Morrow','Japanese','A15632517','1970-02-15','female','business'),(238,'OA 7147','Anna','Token','Ukrainian','D12523471','1953-05-05','female','economy'),(239,'OA 7147','Emma','Cartman','Chinease','B27613333','1950-06-18','female','economy'),(240,'OA 7147','Chloe','Lee','Ukrainian','U40122604','1990-06-16','female','business'),(241,'OA 7147','Stephanie','Fox','British','W98200630','1981-03-19','female','economy'),(242,'OA 7147','Jordan','Forest','Germanic','E76047311','1965-02-17','male','business'),(243,'OA 7147','Emily','Taller','Japanese','Y01912037','1977-05-22','female','business'),(244,'OA 7147','Ella','Token','Germanic','I23110872','1958-04-08','female','business'),(245,'OA 7147','Luke','Token','Ukrainian','R39777916','1972-09-17','male','economy'),(246,'OA 7147','Benjamin','Cruze','Japanese','M11318258','1983-08-18','male','economy'),(247,'OA 7147','Ryan','Matsumoto','Australian','B34549240','1967-07-20','male','economy'),(248,'OA 7147','Lily','March','Australian','C78336926','1991-03-08','female','business'),(249,'OA 7147','Jose','Broflowsky','Chinease','H53159405','1977-08-24','male','economy'),(250,'OA 7147','Jonathan','Maggy','Japanese','H86913280','1980-02-27','male','economy'),(251,'OA 7147','Noah','McMerfy','American','W52450791','1951-04-26','male','economy'),(252,'OA 7147','Jack','Bigetti','British','K65805725','1986-04-29','male','business'),(253,'OA 7147','Taylor','Fox','Ukrainian','S65231429','1993-04-20','female','economy'),(254,'OA 7147','John','Matsumoto','Ukrainian','O50861928','1959-06-11','male','economy'),(255,'OA 7147','Sarah','Stone','Swedish','Y21285781','1958-10-12','female','business'),(256,'OA 7147','Jordan','Fox','American','V18774934','1968-07-27','male','business'),(257,'ES 971','Jack','Tenma','Australian','V90087864','1993-02-20','male','economy'),(258,'ES 971','Ashley','Forest','American','W79174177','1950-06-11','female','business'),(259,'ES 971','Nicole','Stone','Australian','E12919124','1956-10-04','female','business'),(260,'ES 971','Isabella','McMerfy','Australian','O51180391','1953-07-21','female','business'),(261,'ES 971','Noah','Forest','Ukrainian','R84697274','1945-12-06','male','economy'),(262,'ES 971','Destiny','Smith','Australian','W01551942','1968-06-13','female','economy'),(263,'ES 971','Joshua','Fox','Chinease','N71175051','1971-05-15','male','economy'),(264,'ES 971','Jasmine','McMerfy','Chinease','Q12113332','1985-12-15','female','business'),(265,'ES 971','Justin','Brown','Swedish','D29739990','1962-10-18','male','business'),(266,'ES 971','Sydney','Kidmann','Ukrainian','Q41218310','1953-01-10','female','business'),(267,'ES 971','Jose','Simpsons','Swedish','Q81629220','1976-01-05','male','economy'),(268,'ES 971','Elizabeth','Forest','American','K29889425','1990-08-20','female','economy'),(269,'ES 971','Robert','Tenma','American','K59858196','1987-09-05','male','business'),(270,'ES 971','Christian','Forest','Germanic','I30204789','1977-05-02','male','business'),(271,'ES 971','Makayla','Matsumoto','Japanese','W12537606','1975-02-08','female','business'),(272,'ES 971','Andrew','Brown','Swedish','J44633027','1987-04-04','male','economy'),(273,'ES 971','Elizabeth','Simpsons','Swedish','A11884486','1952-01-22','female','business'),(274,'ES 971','Lauren','Bigetti','Chinease','M78280327','1982-12-05','female','economy'),(275,'ES 971','Mason','Matsumoto','Swedish','P55799128','1986-10-20','male','business'),(276,'ES 971','Cameron','Maggy','Germanic','T98242780','1991-10-20','male','economy'),(277,'AZ 1271','Emily','Smith','Japanese','F08190968','1954-04-05','female','economy'),(278,'AZ 1271','Morgan','Taller','Japanese','K33258739','1992-03-27','female','business'),(279,'AZ 1271','Gabriel','Maggy','Japanese','J62914304','1955-03-24','male','business'),(280,'AZ 1271','Emily','Cruze','American','T15329578','1958-09-23','female','economy'),(281,'AZ 1271','Luke','Bigetti','Japanese','U70763692','1949-07-03','male','economy'),(282,'AZ 1271','Emma','March','American','Z92466286','1969-09-10','female','economy'),(283,'AZ 1271','Allison','Token','Swedish','I28507103','1984-01-26','female','economy'),(284,'AZ 1271','Brandon','Taller','Swedish','A25205687','1993-10-09','male','business'),(285,'AZ 1271','Allison','McMerfy','Australian','R34979009','1953-01-26','female','business'),(286,'AZ 1271','Ethan','McMerfy','Ukrainian','L87963461','1981-11-15','male','economy'),(287,'AZ 1271','Nathan','Yagami','Australian','P99620441','1987-04-23','male','economy'),(288,'AZ 1271','Jack','Forest','Australian','T97156906','1965-07-14','male','economy'),(289,'EK 1271','Ryan','Cartman','Japanese','T87821487','1963-04-21','male','business'),(290,'EK 1271','Morgan','McMerfy','Japanese','M76710067','1966-05-18','female','economy'),(291,'EK 1271','Ashley','Morrow','Japanese','S12252988','1958-11-10','female','business'),(292,'EK 1271','Isabella','Klinton','Australian','J69289790','1992-09-08','female','business'),(293,'EK 1271','Mason','Maggy','Ukrainian','A31693708','1987-05-27','male','economy'),(294,'EK 1271','Ella','March','British','J64024918','1957-12-21','female','economy'),(295,'EK 1271','Hailey','Cartman','Japanese','M13523577','1950-01-01','female','business'),(296,'EK 1271','Jacob','Tenma','Ukrainian','R05421632','1992-12-16','male','business'),(297,'EK 1271','Sophia','Bigetti','Chinease','H77126331','1984-08-04','female','business'),(298,'EK 1271','Sophia','March','Chinease','E67164722','1955-07-21','female','business'),(299,'EK 1271','Alyssa','Fox','Swedish','Z27517512','1964-02-06','female','economy'),(300,'EK 1271','Hunter','March','Chinease','Y33347367','1989-12-20','male','business'),(301,'EK 1271','Sophia','Stone','American','U92504082','1949-05-01','female','economy'),(302,'EK 1271','Rachel','Token','Germanic','D50331611','1962-04-18','female','business'),(303,'EK 1271','Megan','Yagami','British','L21422680','1983-01-27','female','business'),(304,'EK 1271','Ryan','Morrow','British','L80286003','1978-05-27','male','business'),(305,'EK 1271','Isabella','Simpsons','Ukrainian','R13266337','1962-01-23','female','economy'),(306,'EK 1271','Cameron','Token','Australian','C02507176','1966-01-06','male','business'),(307,'EK 1271','Jonathan','Fox','Ukrainian','V63160102','1989-12-16','male','business'),(308,'EK 1271','Mia','March','Australian','H12709920','1972-08-22','female','economy'),(309,'OA 7147','Robert','Matsumoto','Germanic','E64395736','1968-02-08','male','business'),(310,'OA 7147','Ashley','Fox','American','Y06476131','1975-04-19','female','business'),(311,'OA 7147','Robert','Brown','Australian','I13687969','1945-11-03','male','economy'),(312,'OA 7147','Rachel','Token','Australian','D77056271','1978-02-22','female','economy'),(313,'OA 7147','Jessica','Maggy','American','S80388175','1988-07-18','female','economy'),(314,'OA 7147','Evan','Bigetti','Japanese','E90877516','1976-06-15','male','business'),(315,'OA 7147','Kaylee','Forest','Swedish','S40447955','1946-09-09','female','economy'),(316,'OA 7147','Nathan','Yagami','Japanese','Y35646276','1988-01-17','male','business'),(317,'OA 7147','Jasmine','Smith','American','J24919951','1983-05-17','female','business'),(318,'OA 7147','Haley','Tenma','Swedish','S79532163','1959-09-25','female','economy'),(319,'OA 7147','Daniel','Stone','British','D20466134','1961-09-14','male','business'),(320,'OA 7147','Gabriel','Simpsons','Chinease','E48565191','1958-08-02','male','economy'),(321,'OA 7147','Anthony','Broflowsky','Chinease','K65018843','1953-03-21','male','business'),(322,'OA 7147','Sarah','Klinton','Ukrainian','Y44676316','1978-04-04','female','economy'),(323,'OA 7147','Noah','Maggy','Japanese','V76493803','1973-01-24','male','economy'),(324,'OA 7147','Emily','March','Japanese','W56274051','1955-05-05','female','economy'),(325,'OA 7147','Kayla','Klinton','American','L44812946','1950-11-07','female','business'),(326,'OA 7147','Kayla','Morrow','Ukrainian','A13659432','1986-01-14','female','economy'),(327,'OA 7147','Samuel','Smith','Australian','K45437760','1954-09-02','male','business'),(328,'OA 7147','Brianna','Forest','Ukrainian','Z52371697','1953-09-23','female','business'),(329,'ES 971','Grace','Cruze','Chinease','T76904007','1974-05-22','female','economy'),(330,'ES 971','Thomas','Token','Germanic','N23012738','1975-09-23','male','economy'),(331,'ES 971','John','Yagami','British','W24282750','1966-10-18','male','business'),(332,'ES 971','Nicholas','McMerfy','American','H53092573','1963-02-07','male','economy'),(333,'ES 971','Katherine','Matsumoto','British','B32001360','1974-02-10','female','economy'),(334,'ES 971','Samuel','Yagami','Australian','I83840378','1960-12-15','male','business'),(335,'ES 971','Megan','Cartman','Swedish','V91734757','1959-02-16','female','business'),(336,'ES 971','Alexis','Tenma','Swedish','Y89454199','1967-12-05','female','economy'),(337,'ES 971','Stephanie','Token','British','W80213779','1964-03-18','female','business'),(338,'ES 971','Austin','Maggy','Germanic','B20086934','1966-01-01','male','business'),(339,'ES 971','Hunter','March','American','M11509733','1947-10-09','male','economy'),(340,'ES 971','Olivia','McMerfy','Japanese','S03632881','1988-05-22','female','business'),(341,'ES 971','Thomas','March','American','N48779810','1965-11-06','male','economy'),(342,'ES 971','Hannah','Lee','Ukrainian','L20454745','1986-03-07','female','economy'),(343,'ES 971','Natalie','Kidmann','Germanic','I93275648','1964-04-04','female','economy'),(344,'ES 971','Alexis','Cruze','Ukrainian','M59593927','1965-10-16','female','economy'),(345,'ES 971','Sophia','Forest','Japanese','T11839300','1985-08-20','female','economy'),(346,'ES 971','Taylor','Token','Chinease','D36815803','1952-09-03','female','economy'),(347,'ES 971','Christopher','Simpsons','Germanic','B87112628','1981-10-22','male','economy'),(348,'ES 971','Nicholas','Stone','Germanic','C57401158','1967-02-21','male','economy'),(349,'AZ 1271','James','Simpsons','Australian','A52854890','1969-06-17','male','economy'),(350,'AZ 1271','Mason','Morrow','Chinease','M14060728','1988-02-05','male','business'),(351,'AZ 1271','Jasmine','March','Japanese','R03631718','1973-05-01','female','economy'),(352,'AZ 1271','Matthew','Taller','Australian','F97186878','1966-12-18','male','business'),(353,'AZ 1271','Rachel','Matsumoto','Japanese','Z06632823','1974-07-04','female','economy'),(354,'AZ 1271','Christopher','Morrow','Germanic','D35404413','1981-01-11','male','business'),(355,'AZ 1271','Ella','Taller','Japanese','S59616825','1994-11-21','female','economy'),(356,'AZ 1271','Alexande','Token','Australian','S11522891','1949-12-23','male','business'),(357,'AZ 1271','Kaitlyn','Fox','Germanic','X14721695','1964-10-10','female','economy'),(358,'AZ 1271','Elijah','Taller','Swedish','Z38401866','1962-06-21','male','economy'),(359,'AZ 1271','Destiny','Yagami','Australian','Q78609482','1956-09-19','female','economy'),(360,'AZ 1271','Ethan','Klinton','Ukrainian','U20971097','1958-05-10','male','business'),(361,'AZ 1271','Jonathan','Brown','Germanic','U08437576','1989-07-06','male','business'),(362,'AZ 1271','James','Yagami','British','P88231639','1991-11-10','male','business'),(363,'AZ 1271','Mia','Token','Australian','M92641252','1980-12-17','female','economy'),(364,'AZ 1271','Ashley','Cruze','Germanic','O26507979','1978-09-19','female','economy'),(365,'AZ 1271','Nicholas','Lee','Germanic','W03861042','1982-04-04','male','economy'),(366,'AZ 1271','Mackenzie','Tenma','Swedish','H19384804','1971-02-03','female','business'),(367,'AZ 1271','Noah','Cruze','British','C18954799','1993-03-03','male','business'),(368,'AZ 1271','Nicholas','Matsumoto','Ukrainian','P59119611','1986-09-19','male','economy'),(369,'XE 1057','Andrew','Yagami','Ukrainian','J56065740','1988-02-06','male','business'),(370,'XE 1057','Chloe','Tenma','American','D22495195','1986-04-24','female','economy'),(371,'XE 1057','Isabella','Yagami','British','C73000516','1956-01-04','female','business'),(372,'XE 1057','Christian','Maggy','American','S47225948','1949-07-24','male','economy'),(373,'XE 1057','Jennifer','Tenma','Germanic','J29050837','1970-11-16','female','economy'),(374,'XE 1057','Jack','Taller','American','M80865099','1964-10-02','male','business'),(375,'XE 1057','Morgan','Matsumoto','Australian','Y38198957','1957-12-07','female','economy'),(376,'XE 1057','Ashley','Token','American','J41676179','1989-12-27','female','business'),(377,'XE 1057','Kayla','Kidmann','Germanic','W42667401','1958-01-21','female','economy'),(378,'XE 1057','Olivia','Cruze','Japanese','E69925923','1962-07-20','female','business'),(379,'XE 1057','Jose','Stone','Swedish','X12904890','1957-09-09','male','economy'),(380,'XE 1057','Kevin','Cartman','Swedish','P88878195','1949-04-24','male','economy'),(381,'XE 1057','Anthony','Yagami','Germanic','X44759205','1947-06-10','male','economy'),(382,'XE 1057','Michael','Bigetti','Japanese','H87160903','1958-04-01','male','business'),(383,'XE 1057','Morgan','Cartman','American','N50467652','1989-12-26','female','business'),(384,'XE 1057','Aaron','McMerfy','Chinease','W22532954','1987-02-19','male','business'),(385,'XE 1057','Alexis','Token','Australian','E43978085','1971-03-08','female','business'),(386,'XE 1057','Elijah','Bigetti','Japanese','S39474508','1968-04-16','male','economy'),(387,'XE 1057','Jennifer','Bigetti','Australian','T00228308','1982-12-17','female','business'),(388,'XE 1057','Elijah','White','British','Q53781291','1968-05-25','male','business'),(389,'IQ 5712','Sarah','White','American','F18856835','1988-02-18','female','economy'),(390,'IQ 5712','Cameron','Cartman','Ukrainian','C99672927','1974-04-01','male','business'),(391,'IQ 5712','Morgan','Maggy','Germanic','D37407109','1961-12-27','female','economy'),(392,'IQ 5712','Jasmine','Brown','Chinease','A72557207','1979-06-24','female','business'),(393,'IQ 5712','Jennifer','Morrow','Chinease','D61961507','1973-03-06','female','business'),(394,'IQ 5712','Daniel','Simpsons','Japanese','A00841642','1973-03-05','male','business'),(395,'IQ 5712','Jacob','Taller','Swedish','Z35083537','1985-02-14','male','economy'),(396,'IQ 5712','Kevin','Yagami','Japanese','D19471025','1968-08-27','male','business'),(397,'IQ 5712','Thomas','Bigetti','American','D79192713','1959-07-27','male','business'),(398,'IQ 5712','Kaitlyn','Yagami','Japanese','Y99638937','1966-04-15','female','economy'),(399,'IQ 5712','Allison','Yagami','Ukrainian','L23773365','1966-02-19','female','economy'),(400,'IQ 5712','Mackenzie','Taller','Japanese','H68638945','1955-10-22','female','business'),(401,'IQ 5712','Alexandra','Klinton','Ukrainian','R57008967','1954-09-17','female','business'),(402,'IQ 5712','Lily','Maggy','Germanic','S94214070','1974-05-08','female','business'),(403,'IQ 5712','Rachel','White','Ukrainian','Z53277816','1975-05-03','female','economy'),(404,'IQ 5712','Aaron','Fox','Ukrainian','R76981300','1984-09-02','male','business'),(405,'IQ 5712','Kaitlyn','Morrow','Germanic','E85292782','1975-07-26','female','business'),(406,'IQ 5712','Madison','March','Japanese','W55116453','1979-08-14','female','business'),(407,'IQ 5712','Ella','Maggy','American','O10075379','1976-01-03','female','business'),(408,'IQ 5712','Sydney','Brown','Germanic','V43953594','1980-10-02','female','business'),(409,'OA 7241','Jose','Taller','British','V67124195','1947-06-06','male','business'),(410,'OA 7241','Jonathan','Taller','Ukrainian','G08276891','1978-05-12','male','business'),(411,'OA 7241','Jack','Cruze','Swedish','C40732070','1983-06-25','male','economy'),(412,'OA 7241','Haley','McMerfy','Japanese','P09331372','1976-04-18','female','business'),(413,'OA 7241','Maria','Yagami','Germanic','P85362171','1992-01-02','female','business'),(414,'OA 7241','Ethan','Matsumoto','Japanese','E74847750','1964-11-08','male','economy'),(415,'OA 7241','Caleb','Cruze','Germanic','L18332800','1950-01-02','male','economy'),(416,'OA 7241','Brooke','Cartman','Ukrainian','X01963279','1984-01-16','female','business'),(417,'OA 7241','Jasmine','Smith','British','W06936716','1984-02-02','female','economy'),(418,'OA 7241','Michael','Matsumoto','Australian','P47342914','1954-07-13','male','business'),(419,'OA 7241','Justin','Brown','Japanese','L39603954','1978-10-24','male','economy'),(420,'OA 7241','Taylor','Lee','British','I18951253','1953-04-14','female','business'),(421,'OA 7241','Nathan','Morrow','Chinease','S87433690','1977-08-26','male','economy'),(422,'OA 7241','Brianna','Simpsons','Germanic','Z74275838','1961-09-06','female','business'),(423,'OA 7241','Cameron','Klinton','Germanic','G51387727','1953-01-22','male','economy'),(424,'OA 7241','Jasmine','Cruze','British','P01735983','1977-10-01','female','economy'),(425,'OA 7241','Christopher','McMerfy','British','Y01444518','1986-03-25','male','economy'),(426,'OA 7241','Samuel','Cruze','Germanic','S07141989','1946-12-05','male','economy'),(427,'OA 7241','Luke','Taller','British','V15240743','1945-08-25','male','economy'),(428,'OA 7241','Stephanie','Stone','Germanic','V70039136','1989-12-22','female','economy'),(429,'ES 571','Anna','Taller','Japanese','J40149506','1960-10-21','female','economy'),(430,'ES 571','Ethan','Fox','Chinease','I43441677','1949-03-18','male','business'),(431,'ES 571','Matthew','March','Australian','V69775515','1972-09-26','male','business'),(432,'ES 571','Nathan','White','Germanic','Q31004710','1964-11-24','male','business'),(433,'ES 571','Jonathan','Lee','Japanese','G68630967','1956-05-05','male','business'),(434,'ES 571','Noah','Broflowsky','Japanese','E01928807','1973-09-03','male','business'),(435,'ES 571','Ashley','Forest','Chinease','F34700616','1947-10-15','female','business'),(436,'ES 571','Caleb','Forest','American','A25316706','1978-04-26','male','business'),(437,'ES 571','Brandon','McMerfy','Germanic','F94883790','1971-10-19','male','economy'),(438,'ES 571','Elijah','Forest','American','H32640051','1978-06-19','male','economy'),(439,'ES 571','Nicole','McMerfy','American','V74140585','1990-02-21','female','economy'),(440,'ES 571','Kayla','Klinton','Australian','E84377759','1962-07-01','female','economy'),(441,'ES 571','Jonathan','Token','British','S22616626','1956-12-01','male','economy'),(442,'ES 571','Gabriel','Forest','American','Y68496785','1951-05-15','male','economy'),(443,'ES 571','Lauren','Tenma','Australian','Z62646507','1948-10-19','female','business'),(444,'ES 571','Allison','Stone','Japanese','S48502626','1958-04-08','female','economy'),(445,'ES 571','Hunter','Cartman','Swedish','P59028957','1963-09-05','male','business'),(446,'ES 571','William','Tenma','Australian','N25271511','1952-09-07','male','business'),(447,'ES 571','Elizabeth','Tenma','Swedish','X87832202','1963-11-21','female','business'),(448,'ES 571','Jasmine','Stone','Chinease','L65749024','1984-06-22','female','economy'),(449,'AZ 974 ','Ethan','Lee','Ukrainian','A64913855','1966-08-23','male','economy'),(450,'AZ 974 ','Jennifer','Lee','Chinease','K90730311','1949-11-07','female','business'),(451,'AZ 974 ','Anthony','Cartman','Ukrainian','O07058828','1961-05-21','male','business'),(452,'AZ 974 ','Isaac','Matsumoto','Japanese','R36518158','1970-10-03','male','economy'),(453,'AZ 974 ','Jonathan','Yagami','Australian','C24825063','1949-09-07','male','economy'),(454,'AZ 974 ','Emily','Yagami','American','J78167248','1987-05-02','female','business'),(455,'AZ 974 ','Isaiah','Smith','Swedish','Y19880175','1968-09-07','male','business'),(456,'AZ 974 ','Gabriel','Lee','Australian','F05612689','1945-07-17','male','economy'),(457,'AZ 974 ','John','Forest','Chinease','P91103775','1992-12-18','male','economy'),(458,'AZ 974 ','Thomas','Yagami','Ukrainian','A36040955','1987-07-13','male','economy'),(459,'AZ 974 ','Jessica','Fox','British','M26822518','1981-09-26','female','business'),(460,'AZ 974 ','Isaiah','Taller','Japanese','U97405226','1961-12-14','male','business'),(461,'AZ 974 ','Daniel','Token','Swedish','F51031744','1968-11-07','male','business'),(462,'AZ 974 ','Kaylee','Brown','Swedish','Q00283314','1965-05-02','female','economy'),(463,'AZ 974 ','William','McMerfy','Japanese','A00661917','1972-05-09','male','economy'),(464,'AZ 974 ','Lauren','Tenma','Germanic','J05168466','1972-08-18','female','economy'),(465,'AZ 974 ','James','Matsumoto','Ukrainian','J76373787','1974-10-07','male','economy'),(466,'AZ 974 ','Justin','McMerfy','British','C97164183','1963-07-09','male','economy'),(467,'AZ 974 ','Jacob','Token','American','D42783407','1983-07-26','male','business'),(468,'AZ 974 ','Isaiah','Simpsons','Ukrainian','P88755506','1972-11-03','male','business'),(469,'EQ 1091','Aaron','Lee','Swedish','N34148714','1948-06-26','male','business'),(470,'EQ 1091','Austin','Broflowsky','Japanese','D13812882','1949-11-08','male','economy'),(471,'EQ 1091','Andrew','Tenma','Australian','X39758664','1991-10-20','male','business'),(472,'EQ 1091','James','Morrow','Japanese','N71711217','1962-04-09','male','economy'),(473,'EQ 1091','Chloe','Cruze','Australian','U41316398','1974-02-12','female','economy'),(474,'EQ 1091','Austin','McMerfy','Chinease','W44055770','1953-04-21','male','economy'),(475,'EQ 1091','Allison','Maggy','Swedish','E40326268','1969-12-16','female','economy'),(476,'EQ 1091','Jason','Brown','American','W39142391','1968-04-14','male','business'),(477,'EQ 1091','Ryan','McMerfy','Germanic','M42542897','1968-10-25','male','business'),(478,'EQ 1091','Allison','Klinton','Japanese','H10402010','1992-05-07','female','business'),(479,'EQ 1091','Thomas','Matsumoto','Chinease','Y93201164','1977-12-03','male','economy'),(480,'EQ 1091','Angel','Broflowsky','Ukrainian','A87180544','1991-01-18','male','economy'),(481,'EQ 1091','Christopher','March','American','F72299930','1972-04-02','male','economy'),(482,'EQ 1091','Hunter','Simpsons','Ukrainian','Z30267200','1983-10-04','male','economy'),(483,'EQ 1091','Logan','Broflowsky','American','K32978778','1970-01-07','male','economy'),(484,'EQ 1091','Isaiah','Fox','Germanic','I26874928','1947-06-11','male','business'),(485,'EQ 1091','Jordan','Simpsons','Australian','C89843904','1984-04-23','male','business'),(486,'EQ 1091','Morgan','Taller','Germanic','V60875991','1990-09-13','female','economy'),(487,'EQ 1091','Nathan','Maggy','American','S65958718','1950-06-13','male','economy'),(488,'EQ 1091','Hannah','Cruze','Japanese','C91070810','1949-06-20','female','economy'),(489,'UK 5712','Jack','Yagami','Swedish','A60618589','1964-09-01','male','economy'),(490,'UK 5712','James','Taller','Chinease','C83855477','1954-11-18','male','economy'),(491,'UK 5712','Jackson','Yagami','American','N84803415','1965-01-09','male','business'),(492,'UK 5712','Sydney','Fox','Chinease','I08048790','1949-05-08','female','economy'),(493,'UK 5712','Ashley','Klinton','Germanic','D68913891','1954-08-24','female','economy'),(494,'UK 5712','Isabella','Morrow','Australian','W55941991','1954-06-14','female','economy'),(495,'UK 5712','Isabella','Morrow','Germanic','W69436386','1985-06-02','female','economy'),(496,'UK 5712','Grace','Smith','Chinease','M20357081','1953-07-07','female','business'),(497,'UK 5712','Destiny','Smith','Australian','J99354522','1992-11-21','female','business'),(498,'UK 5712','Morgan','Brown','Swedish','F40721678','1946-04-06','female','business'),(499,'UK 5712','Haley','Simpsons','Chinease','D15360100','1958-04-10','female','economy'),(500,'UK 5712','Mia','Yagami','Germanic','Y67364714','1974-08-21','female','business'),(501,'UK 5712','Justin','Forest','British','V55211786','1967-09-13','male','economy'),(502,'UK 5712','David','Brown','Japanese','H90778259','1974-11-27','male','business'),(503,'UK 5712','Anthony','Forest','Swedish','Q34663432','1949-08-07','male','economy'),(504,'UK 5712','Savannah','Smith','Ukrainian','H06391343','1972-02-03','female','economy'),(505,'UK 5712','Lily','Stone','Germanic','M19927232','1946-11-26','female','business'),(506,'UK 5712','Maria','Klinton','Ukrainian','O90229645','1987-02-18','female','economy'),(507,'UK 5712','Dylan','Yagami','Germanic','Z30737802','1955-11-15','male','business'),(508,'UK 5712','Julia','Cartman','Swedish','P74103872','1948-05-17','female','economy'),(509,'PQ 213 ','Nicholas','Bigetti','Ukrainian','Y19224470','1971-12-03','male','economy'),(510,'PQ 213 ','Haley','Klinton','British','S97386619','1956-10-21','female','business'),(511,'PQ 213 ','Mason','Maggy','Swedish','D03080237','1987-11-12','male','business'),(512,'PQ 213 ','Robert','McMerfy','Japanese','V87130123','1968-06-26','male','business'),(513,'PQ 213 ','Jennifer','McMerfy','Japanese','M13739739','1974-09-05','female','business'),(514,'PQ 213 ','William','Cartman','Swedish','N92693121','1963-02-22','male','economy'),(515,'PQ 213 ','Chloe','Cruze','Japanese','V47892155','1989-03-22','female','economy'),(516,'PQ 213 ','Ella','Kidmann','Japanese','J43793828','1974-09-22','female','economy'),(517,'PQ 213 ','Samuel','White','Australian','Z02210137','1968-10-11','male','business'),(518,'PQ 213 ','Natalie','McMerfy','Australian','L79822167','1965-12-05','female','business'),(519,'PQ 213 ','Kaylee','Simpsons','American','N46521284','1972-08-19','female','economy'),(520,'PQ 213 ','Isaac','Taller','Swedish','P71274060','1947-12-25','male','economy'),(521,'PQ 213 ','Joshua','Cruze','Germanic','S64033321','1968-02-09','male','business'),(522,'PQ 213 ','Hunter','Stone','Germanic','D94761214','1970-01-18','male','business'),(523,'PQ 213 ','Isaac','Bigetti','British','G17850289','1981-06-04','male','business'),(524,'PQ 213 ','Ethan','Simpsons','British','O45083016','1953-03-17','male','economy'),(525,'PQ 213 ','Jason','Smith','Australian','C89958042','1993-12-07','male','business'),(526,'PQ 213 ','Kevin','Bigetti','American','V75401969','1990-02-16','male','economy'),(527,'PQ 213 ','Jasmine','McMerfy','Chinease','L11249678','1952-05-23','female','business'),(528,'PQ 213 ','Chloe','Klinton','Chinease','E72063666','1984-07-02','female','economy'),(529,'MN 981 ','Emily','Fox','Australian','H03833988','1972-05-06','female','economy'),(530,'MN 981 ','Nicole','Klinton','American','M05139884','1946-06-23','female','economy'),(531,'MN 981 ','Joseph','Cruze','Ukrainian','E69265998','1990-09-12','male','business'),(532,'MN 981 ','Christian','Fox','Chinease','Y76996370','1960-06-27','male','business'),(533,'MN 981 ','Caleb','Cartman','Japanese','K97908120','1981-11-25','male','business'),(534,'MN 981 ','Alexis','White','Swedish','N03202336','1951-04-08','female','economy'),(535,'MN 981 ','Brooke','Broflowsky','Japanese','X27793512','1980-02-22','female','business'),(536,'MN 981 ','Julia','White','Australian','H12705064','1987-09-09','female','economy'),(537,'MN 981 ','Hailey','White','Ukrainian','N75734942','1952-12-03','female','business'),(538,'MN 981 ','Taylor','Cruze','Ukrainian','R30040794','1967-09-24','female','economy'),(539,'MN 981 ','Hannah','White','Chinease','J22033104','1947-02-03','female','economy'),(540,'MN 981 ','Luke','Bigetti','Australian','S22970188','1970-11-27','male','business'),(541,'MN 981 ','Jose','Cartman','Ukrainian','W43090000','1993-01-18','male','business'),(542,'MN 981 ','Julia','Cartman','American','E29417371','1987-12-17','female','economy'),(543,'MN 981 ','Justin','Brown','Japanese','H35113950','1949-11-24','male','business'),(544,'MN 981 ','Joshua','Taller','British','A49629688','1952-12-08','male','economy'),(545,'MN 981 ','Ava','Yagami','Chinease','G54278430','1961-02-27','female','business'),(546,'MN 981 ','Ava','Taller','Japanese','G78238892','1972-04-24','female','business'),(547,'MN 981 ','Jason','Lee','Ukrainian','M41477328','1959-02-01','male','economy'),(548,'MN 981 ','Mia','March','Ukrainian','V39292472','1961-12-20','female','business'),(549,'AZ 982 ','Taylor','Simpsons','American','O00049298','1991-10-03','female','business'),(550,'AZ 982 ','Dylan','Cartman','Chinease','W39867092','1977-12-18','male','economy'),(551,'AZ 982 ','John','Broflowsky','Australian','I21769519','1956-06-16','male','economy'),(552,'AZ 982 ','Katherine','McMerfy','Japanese','O15994687','1976-01-17','female','economy'),(553,'AZ 982 ','Kayla','Lee','Swedish','K11778682','1986-07-24','female','business'),(554,'AZ 982 ','Jack','Taller','Ukrainian','X64917456','1954-07-14','male','economy'),(555,'AZ 982 ','Thomas','Tenma','Ukrainian','B68768546','1983-08-24','male','business'),(556,'AZ 982 ','Jessica','Fox','Germanic','N50584428','1979-04-02','female','business'),(557,'AZ 982 ','Elijah','Matsumoto','Germanic','K37563657','1970-04-07','male','business'),(558,'AZ 982 ','Katherine','Fox','Germanic','U43431547','1988-03-22','female','economy'),(559,'AZ 982 ','Isaac','Morrow','Swedish','D67245246','1985-07-26','male','business'),(560,'AZ 982 ','William','Taller','Swedish','T01208726','1970-02-14','male','economy'),(561,'AZ 982 ','Tyler','Tenma','American','D12375065','1974-09-19','male','business'),(562,'AZ 982 ','Rachel','Stone','Germanic','W18213129','1960-03-23','female','economy'),(563,'AZ 982 ','James','Cruze','Germanic','J56544885','1955-02-23','male','economy'),(564,'AZ 982 ','Hunter','Kidmann','American','H85029152','1978-02-20','male','economy'),(565,'AZ 982 ','Kaylee','Yagami','Australian','I01806885','1980-08-19','female','business'),(566,'AZ 982 ','Alexis','Maggy','Swedish','C76835106','1965-08-23','female','business'),(567,'AZ 982 ','Zachary','Brown','Ukrainian','C06467838','1947-12-08','male','business'),(568,'AZ 982 ','Mason','Matsumoto','Chinease','G34552445','1965-06-13','male','economy'),(569,'JS 472 ','Rachel','Forest','Ukrainian','B17476807','1948-01-13','female','economy'),(570,'JS 472 ','Aaron','Token','British','S66618439','1951-04-02','male','business'),(571,'JS 472 ','Kaitlyn','Klinton','Swedish','E98385001','1971-09-26','female','business'),(572,'JS 472 ','Elizabeth','Maggy','American','T89233710','1965-03-09','female','economy'),(573,'JS 472 ','Alexande','Fox','Australian','E82951398','1987-01-24','male','economy'),(574,'JS 472 ','Hunter','Cruze','Chinease','I46283808','1968-04-06','male','economy'),(575,'JS 472 ','Madison','Taller','Swedish','W46553427','1976-09-06','female','business'),(576,'JS 472 ','Megan','Lee','British','U73358747','1947-11-19','female','economy'),(577,'JS 472 ','Jasmine','Kidmann','Australian','Q51554794','1983-06-17','female','business'),(578,'JS 472 ','Ava','Morrow','Japanese','J51179073','1994-09-21','female','economy'),(579,'JS 472 ','Mason','Tenma','Japanese','M96120290','1973-08-15','male','business'),(580,'JS 472 ','Natalie','Kidmann','American','K93313164','1948-03-01','female','economy'),(581,'JS 472 ','Jennifer','Cruze','Australian','N04344444','1987-03-10','female','economy'),(582,'JS 472 ','Luke','Taller','British','S06951733','1958-01-08','male','business'),(583,'JS 472 ','Ava','Bigetti','Chinease','Z47140464','1985-01-04','female','economy'),(584,'JS 472 ','Taylor','Cartman','Japanese','L46347371','1974-12-08','female','business'),(585,'JS 472 ','Kevin','Bigetti','Ukrainian','F16858813','1993-01-11','male','economy'),(586,'JS 472 ','Jennifer','Yagami','Ukrainian','Z35074010','1966-11-11','female','economy'),(587,'JS 472 ','Stephanie','Klinton','Chinease','F99542169','1960-07-08','female','business'),(588,'JS 472 ','Hunter','Kidmann','Germanic','D40027196','1946-09-15','male','business'),(589,'SP 9013','Victoria','McMerfy','Chinease','H83662616','1953-12-23','female','business'),(590,'SP 9013','Tyler','Bigetti','Germanic','X04237946','1982-03-05','male','economy'),(591,'SP 9013','Evan','Yagami','American','F99741698','1975-09-02','male','economy'),(592,'SP 9013','Brooke','Matsumoto','Japanese','W97913804','1975-08-17','female','business'),(593,'SP 9013','Alyssa','Cartman','Japanese','M14170710','1950-10-25','female','economy'),(594,'SP 9013','Hunter','Yagami','British','O92512756','1951-03-14','male','economy'),(595,'SP 9013','Stephanie','Token','British','C66269102','1992-05-04','female','economy'),(596,'SP 9013','David','Kidmann','Japanese','U24691903','1968-08-20','male','economy'),(597,'SP 9013','Alexandra','Matsumoto','Japanese','Z16803003','1969-03-10','female','economy'),(598,'SP 9013','Jack','Morrow','Chinease','B50444237','1958-07-19','male','business'),(599,'SP 9013','Caleb','Cruze','Chinease','F04576492','1994-06-17','male','business'),(600,'SP 9013','John','Brown','British','I86627632','1948-01-01','male','business'),(601,'SP 9013','Sydney','Morrow','Australian','T84660548','1958-09-23','female','business'),(602,'SP 9013','Jordan','Klinton','Japanese','Y25408652','1963-08-01','male','business'),(603,'SP 9013','Angel','Klinton','Japanese','J88616087','1974-11-10','male','economy'),(604,'SP 9013','Brooke','Forest','Australian','J15312330','1983-11-02','female','economy'),(605,'SP 9013','Alexis','Simpsons','American','R92833384','1981-12-14','female','business'),(606,'SP 9013','David','Klinton','American','E93062020','1967-08-05','male','economy'),(607,'SP 9013','Michael','Fox','Australian','N09828701','1993-08-19','male','business'),(608,'SP 9013','Emma','Yagami','British','N94381077','1975-08-20','female','economy'),(609,'AU 717','John','Klinton','Swedish','B52268870','1955-11-13','male','economy'),(610,'AU 717','Jonathan','Morrow','Chinease','Z03143580','1953-06-20','male','economy'),(611,'AU 717','Katherine','Fox','British','I12611494','1985-04-22','female','business'),(612,'AU 717','John','Cartman','Germanic','W73748070','1980-03-25','male','economy'),(613,'AU 717','Kevin','Tenma','Germanic','K00249348','1969-04-24','male','economy'),(614,'AU 717','Hannah','Bigetti','Japanese','M68790711','1966-01-11','female','economy'),(615,'AU 717','Brianna','Brown','Swedish','R41465460','1992-03-23','female','business'),(616,'AU 717','Isaiah','Yagami','Australian','X00802937','1980-03-24','male','economy'),(617,'AU 717','Megan','Lee','Ukrainian','Z14691904','1954-03-04','female','economy'),(618,'AU 717','Kaylee','Broflowsky','Germanic','R15132170','1985-05-09','female','economy'),(619,'AU 717','Grace','Matsumoto','Japanese','C19075959','1950-09-14','female','business'),(620,'AU 717','William','Morrow','British','V05967633','1977-04-25','male','business'),(621,'AU 717','Sarah','March','British','J02985991','1960-10-05','female','economy'),(622,'AU 717','Kevin','Forest','British','Z37077977','1977-12-23','male','business'),(623,'AU 717','Daniel','Broflowsky','Australian','B63670553','1963-07-20','male','economy'),(624,'AU 717','Julia','Taller','Australian','Y15100165','1990-06-01','female','business'),(625,'AU 717','Austin','Lee','Swedish','O11373403','1976-07-06','male','business'),(626,'AU 717','Jack','Tenma','Chinease','U10461657','1963-02-17','male','economy'),(627,'AU 717','Haley','White','Ukrainian','B21501785','1964-04-25','female','business'),(628,'AU 717','Robert','Brown','Japanese','P56418473','1985-01-04','male','business'),(629,'UK 124 ','Abigail','White','British','L58421931','1963-12-10','female','economy'),(630,'UK 124 ','Isaiah','Token','Ukrainian','I28949181','1954-04-04','male','economy'),(631,'UK 124 ','Christopher','Broflowsky','Germanic','C48434324','1978-01-16','male','business'),(632,'UK 124 ','Aaron','Bigetti','British','O46748014','1974-01-07','male','business'),(633,'UK 124 ','Olivia','Matsumoto','Swedish','O13174289','1981-01-13','female','business'),(634,'UK 124 ','Isabella','Broflowsky','Swedish','H07086424','1952-10-09','female','business'),(635,'UK 124 ','Rachel','March','Ukrainian','O88324271','1991-05-11','female','business'),(636,'UK 124 ','Cameron','Matsumoto','Germanic','R68795298','1986-07-12','male','business'),(637,'UK 124 ','Kaylee','Broflowsky','Germanic','Q88067810','1977-08-09','female','economy'),(638,'UK 124 ','Mia','Token','Germanic','X38653612','1953-12-10','female','economy'),(639,'UK 124 ','Kaitlyn','White','British','L77024191','1973-10-27','female','economy'),(640,'UK 124 ','Dylan','Cruze','Australian','F61200787','1961-04-26','male','business'),(641,'UK 124 ','Cameron','Fox','American','E68630590','1981-11-06','male','business'),(642,'UK 124 ','Luke','Stone','Chinease','M91012177','1958-03-26','male','economy'),(643,'UK 124 ','Abigail','Taller','Swedish','Y52845749','1953-09-21','female','business'),(644,'UK 124 ','Evan','Lee','American','G16965736','1963-01-08','male','business'),(645,'UK 124 ','Gabriel','Klinton','Germanic','L83591840','1980-11-05','male','economy'),(646,'UK 124 ','Jasmine','Matsumoto','Germanic','S23090083','1962-05-12','female','economy'),(647,'UK 124 ','Haley','Stone','Japanese','I47035708','1952-09-18','female','business'),(648,'UK 124 ','Aaron','Stone','British','P83766137','1967-08-13','male','business'),(649,'GR 148','Michael','Morrow','Swedish','C13595683','1951-09-15','male','business'),(650,'GR 148','Katherine','Morrow','Australian','D94505537','1973-12-09','female','economy'),(651,'GR 148','Angel','Matsumoto','Germanic','F90192460','1947-02-02','male','business'),(652,'GR 148','Kayla','Cartman','Germanic','R52213883','1968-01-04','female','economy'),(653,'GR 148','Ava','Bigetti','American','S88874143','1981-08-10','female','business'),(654,'GR 148','Nathan','Maggy','American','E55503162','1965-07-03','male','business'),(655,'GR 148','Julia','Taller','Australian','Y21551896','1981-04-13','female','business'),(656,'GR 148','Robert','Taller','Germanic','L75821903','1961-02-07','male','business'),(657,'GR 148','Michael','Lee','British','S87442298','1980-08-11','male','economy'),(658,'GR 148','Mackenzie','Smith','Japanese','Z22636125','1993-09-22','female','business'),(659,'GR 148','Kevin','Maggy','Germanic','Q16800753','1970-12-02','male','business'),(660,'GR 148','Kaitlyn','Lee','Australian','L68040781','1956-06-19','female','economy'),(661,'GR 148','Hailey','March','Australian','J20399965','1981-03-01','female','economy'),(662,'GR 148','Emma','Matsumoto','Ukrainian','D99325723','1948-07-01','female','economy'),(663,'GR 148','Allison','Tenma','Chinease','F13693087','1948-04-02','female','business'),(664,'GR 148','Evan','Morrow','Ukrainian','R47008866','1951-10-10','male','economy'),(665,'GR 148','Noah','Morrow','Swedish','D64313876','1957-12-09','male','business'),(666,'GR 148','Abigail','Kidmann','American','N70123244','1992-05-27','female','business'),(667,'GR 148','Christopher','Tenma','American','N21540279','1953-01-21','male','economy'),(668,'GR 148','Mackenzie','Smith','Chinease','T65084158','1950-01-05','female','economy'),(669,'JS 225','Natalie','Forest','American','A67664620','1951-01-16','female','business'),(670,'JS 225','Makayla','McMerfy','Chinease','Q71571943','1972-05-15','female','business'),(671,'JS 225','Gabriel','Cruze','Japanese','P91218246','1950-07-16','male','economy'),(672,'JS 225','Luke','Taller','American','G22529458','1985-11-21','male','economy'),(673,'JS 225','Joshua','Simpsons','Ukrainian','T96986192','1986-09-02','male','business'),(674,'JS 225','Samuel','Cartman','Chinease','C28476794','1954-02-16','male','business'),(675,'JS 225','Gabriel','Fox','American','Z48263392','1959-01-18','male','business'),(676,'JS 225','Robert','Bigetti','Germanic','J94161396','1970-07-12','male','economy'),(677,'JS 225','Isaac','McMerfy','British','I85572449','1957-04-23','male','business'),(678,'JS 225','Jennifer','Cartman','American','O65418625','1963-05-24','female','economy'),(679,'JS 225','Ava','Matsumoto','British','A07558866','1978-02-20','female','business'),(680,'JS 225','Hailey','Maggy','Germanic','N36145721','1985-08-21','female','business'),(681,'JS 225','Jessica','Morrow','Japanese','G62201027','1983-03-14','female','economy'),(682,'JS 225','William','Cartman','Ukrainian','G71405077','1958-05-27','male','business'),(683,'JS 225','Brandon','Matsumoto','Australian','W54454445','1977-03-06','male','economy'),(684,'JS 225','Emily','White','Japanese','M19184025','1965-04-04','female','economy'),(685,'JS 225','Isaac','Simpsons','Germanic','X08017110','1983-04-26','male','economy'),(686,'JS 225','Mason','Bigetti','British','P78902267','1954-07-19','male','business'),(687,'JS 225','Kevin','Brown','British','U25668146','1979-06-27','male','economy'),(688,'JS 225','Anthony','Simpsons','Ukrainian','W50656970','1953-06-27','male','business'),(689,'RU 9013','Jonathan','Fox','Ukrainian','F12668077','1981-06-03','male','economy'),(690,'RU 9013','Alexandra','Bigetti','Swedish','M96165186','1982-11-25','female','business'),(691,'RU 9013','Kaitlyn','White','Germanic','U21000175','1964-03-27','female','business'),(692,'RU 9013','Jason','Fox','Australian','O15115133','1983-09-15','male','business'),(693,'RU 9013','Ryan','Maggy','Ukrainian','D83907786','1956-08-02','male','business'),(694,'RU 9013','Alyssa','March','British','T97882428','1969-02-25','female','business'),(695,'RU 9013','Matthew','McMerfy','Australian','I36221108','1971-11-16','male','economy'),(696,'RU 9013','Joseph','Tenma','Germanic','J44861960','1957-09-21','male','business'),(697,'RU 9013','Matthew','March','American','B75256497','1949-10-05','male','business'),(698,'RU 9013','Mia','McMerfy','American','X17262179','1947-12-12','female','economy'),(699,'RU 9013','Hailey','Tenma','Germanic','Q78457262','1971-06-11','female','business'),(700,'RU 9013','Sophia','Cruze','Japanese','L52738028','1994-01-21','female','economy'),(701,'RU 9013','Logan','Morrow','Ukrainian','Z46725704','1988-03-09','male','economy'),(702,'RU 9013','Gabriel','Bigetti','Australian','H16471848','1990-07-17','male','economy'),(703,'RU 9013','Ashley','Kidmann','Germanic','F87781520','1965-11-18','female','business'),(704,'RU 9013','Victoria','Stone','Chinease','H94312855','1979-01-19','female','business'),(705,'RU 9013','Isaiah','Brown','Australian','G50985596','1974-04-19','male','business'),(706,'RU 9013','David','Tenma','Swedish','A93213165','1949-12-26','male','business'),(707,'RU 9013','Michael','Cruze','Germanic','W41672888','1981-06-19','male','economy'),(708,'RU 9013','Stephanie','White','British','H93556238','1952-08-05','female','business'),(709,'NL 717','Makayla','McMerfy','Germanic','P67772798','1987-09-16','female','economy'),(710,'NL 717','Mia','Lee','Swedish','K05895047','1964-12-20','female','business'),(711,'NL 717','Stephanie','Klinton','Australian','F17229853','1973-08-18','female','business'),(712,'NL 717','Noah','Yagami','Australian','U48353245','1966-10-05','male','business'),(713,'NL 717','Sydney','Taller','British','X65929434','1983-02-01','female','business'),(714,'NL 717','Jasmine','Forest','American','J81509895','1976-06-15','female','economy'),(715,'NL 717','Savannah','White','Chinease','H82925339','1958-02-24','female','economy'),(716,'NL 717','Megan','Fox','Ukrainian','Z68270625','1991-06-13','female','business'),(717,'NL 717','Ella','Klinton','Germanic','E82001288','1945-05-11','female','economy'),(718,'NL 717','James','Bigetti','Australian','W91677954','1991-06-18','male','economy'),(719,'NL 717','Jasmine','Broflowsky','Australian','V75555567','1994-02-27','female','economy'),(720,'NL 717','Nicholas','Lee','Australian','P95127784','1964-03-15','male','economy'),(721,'NL 717','Anna','Cartman','British','R94299916','1993-07-17','female','economy'),(722,'NL 717','Kayla','Token','Australian','D35198250','1972-04-23','female','economy'),(723,'NL 717','Mason','Brown','British','F67314027','1959-10-24','male','business'),(724,'NL 717','Justin','White','Australian','L44945085','1967-02-06','male','business'),(725,'NL 717','James','Morrow','Japanese','C30270921','1991-03-17','male','economy'),(726,'NL 717','Morgan','Maggy','Ukrainian','P77754980','1946-12-26','female','economy'),(727,'NL 717','Zachary','Token','Germanic','M67727513','1963-12-03','male','economy'),(728,'NL 717','Rachel','Matsumoto','American','H52032233','1990-08-02','female','economy'),(729,'IN 771','Jason','McMerfy','Chinease','Y05316748','1985-03-27','male','business'),(730,'IN 771','Luke','Stone','Chinease','Z90171889','1978-05-26','male','business'),(731,'IN 771','Hunter','March','American','I47209764','1950-04-27','male','economy'),(732,'IN 771','Jack','Broflowsky','Australian','Z37293942','1963-01-07','male','economy'),(733,'IN 771','Joseph','Brown','Chinease','B53241285','1963-07-17','male','business'),(734,'IN 771','Samuel','Smith','Swedish','H79364527','1962-05-04','male','economy'),(735,'IN 771','Nathan','March','Germanic','H58050730','1949-12-17','male','economy'),(736,'IN 771','Isaac','Tenma','American','H16739247','1955-09-25','male','business'),(737,'IN 771','Caleb','March','Chinease','T17251546','1956-04-22','male','business'),(738,'IN 771','Katherine','Cruze','Chinease','A11720520','1951-10-18','female','economy'),(739,'IN 771','Kaitlyn','March','Australian','M93479557','1968-02-14','female','economy'),(740,'IN 771','Elijah','Klinton','American','P81625970','1984-02-04','male','business'),(741,'IN 771','Zachary','Token','Ukrainian','U76219193','1962-11-21','male','economy'),(742,'IN 771','Isabella','Smith','Chinease','T79724544','1968-12-03','female','economy'),(743,'IN 771','Evan','Smith','Australian','A27477043','1962-04-22','male','business'),(744,'IN 771','Natalie','Kidmann','Ukrainian','F69205919','1961-09-03','female','business'),(745,'IN 771','Isaiah','Klinton','American','B50732421','1958-11-16','male','economy'),(746,'IN 771','Abigail','Forest','Swedish','P83283934','1969-05-27','female','business'),(747,'IN 771','Stephanie','Broflowsky','Chinease','E95481069','1955-07-09','female','business'),(748,'IN 771','Savannah','Taller','Japanese','A21660104','1973-09-08','female','economy'),(749,'TH 148','Jose','Smith','Germanic','J55396819','1952-09-14','male','business'),(750,'TH 148','Hailey','Broflowsky','Japanese','G93588492','1960-12-14','female','business'),(751,'TH 148','Elijah','Token','Australian','Z52802011','1955-03-25','male','business'),(752,'TH 148','Logan','March','Japanese','K77443925','1969-12-11','male','business'),(753,'TH 148','Madison','Matsumoto','Chinease','P32529685','1959-03-15','female','economy'),(754,'TH 148','Mackenzie','Tenma','Australian','W58239094','1980-11-10','female','economy'),(755,'TH 148','Jason','Taller','Swedish','Z88842440','1959-06-11','male','economy'),(756,'TH 148','Benjamin','Yagami','British','I98961008','1969-06-15','male','business'),(757,'TH 148','Samantha','Fox','Germanic','U48891758','1949-06-04','female','business'),(758,'TH 148','Brandon','Broflowsky','Japanese','M44041189','1958-12-23','male','economy'),(759,'TH 148','Aaron','Simpsons','Swedish','K64387756','1978-07-14','male','economy'),(760,'TH 148','Noah','Morrow','Japanese','R09752206','1993-12-14','male','business'),(761,'TH 148','Jonathan','Forest','Japanese','E05108120','1953-03-06','male','economy'),(762,'TH 148','Mackenzie','Tenma','British','X84532960','1979-01-17','female','business'),(763,'TH 148','Mason','Klinton','Australian','C54738074','1955-10-19','male','economy'),(764,'TH 148','Daniel','Maggy','American','P92861271','1962-04-01','male','economy'),(765,'TH 148','Evan','Lee','Japanese','G71811923','1985-03-27','male','economy'),(766,'TH 148','Brandon','Cartman','Swedish','G61254161','1959-09-13','male','economy'),(767,'TH 148','Jordan','Maggy','Japanese','L17594832','1966-05-11','male','business'),(768,'TH 148','Michael','March','Swedish','O63113710','1957-12-17','male','business'),(769,'MA 195','Aaron','Morrow','British','S48187556','1973-10-24','male','economy'),(770,'MA 195','Evan','Taller','Germanic','X16670302','1945-04-13','male','economy'),(771,'MA 195','Alyssa','Fox','American','Y54818879','1977-08-25','female','economy'),(772,'MA 195','Thomas','Morrow','British','P86232517','1965-06-06','male','business'),(773,'MA 195','Isaac','Token','Japanese','V69452273','1975-05-27','male','business'),(774,'MA 195','Katherine','Taller','British','Z03916791','1975-09-15','female','business'),(775,'MA 195','Jessica','Brown','American','L91499484','1985-07-26','female','economy'),(776,'MA 195','Sophia','Maggy','Japanese','Q87923143','1961-01-14','female','business'),(777,'MA 195','Nathan','March','British','O31901169','1993-05-13','male','economy'),(778,'MA 195','Jasmine','Forest','British','S95539069','1982-12-08','female','business'),(779,'MA 195','Isaiah','Simpsons','Chinease','K48775633','1992-10-09','male','economy'),(780,'MA 195','Brandon','Klinton','Swedish','A78749739','1983-08-22','male','business'),(781,'MA 195','Brianna','Cartman','American','P89685281','1983-06-15','female','business'),(782,'MA 195','Samuel','Bigetti','Germanic','U10753106','1952-12-01','male','economy'),(783,'MA 195','Ava','Morrow','American','R85926530','1947-02-14','female','economy'),(784,'MA 195','Katherine','Stone','Australian','I65231272','1945-03-18','female','economy'),(785,'MA 195','Ethan','Kidmann','Swedish','Y60046801','1949-02-01','male','economy'),(786,'MA 195','Isaac','Taller','British','E17444690','1979-04-16','male','business'),(787,'MA 195','John','Kidmann','Ukrainian','Q55130436','1951-10-18','male','economy'),(788,'MA 195','James','Smith','Chinease','L99173463','1955-03-17','male','economy'),(789,'ZZ 1271','Sotnikov','Smith','Chinease','B21979625','1945-09-04','male','economy'),(790,'ZZ 1271','Sotnik','Smith','Chinease','B21979625','1945-09-04','male','economy'),(791,'ZZ 1271','Sotnik','Smith','Chinease','B21979625','1945-09-04','male','business'),(792,'CA 7411','Alex ','Glushkov','Ukrainian','X64305610','1958-04-14','male','business'),(793,'CA 7411','July','Meisen','American','H87229152','1989-03-11','female','business'),(794,'CA 7411','Joe','Goodman','American','J92229117','1987-06-09','male','business'),(795,'CA 7411','Megan','Fox','American','L83149152','1964-07-15','female','business'),(796,'CA 7411','Peter','Pierce','American','A88719152','1973-01-19','male','business'),(797,'CA 7411','Bill','Bomms','American','K64829152','1961-10-29','male','business');
/*!40000 ALTER TABLE `passengers` ENABLE KEYS */;
UNLOCK TABLES;

--
-- Table structure for table `prices`
--

DROP TABLE IF EXISTS `prices`;
/*!40101 SET @saved_cs_client     = @@character_set_client */;
/*!40101 SET character_set_client = utf8 */;
CREATE TABLE `prices` (
  `flightNumber` varchar(14) NOT NULL,
  `cost` smallint(6) NOT NULL,
  `classOfFlight` varchar(10) NOT NULL DEFAULT 'economy',
  PRIMARY KEY (`flightNumber`,`classOfFlight`)
) ENGINE=InnoDB DEFAULT CHARSET=utf8;
/*!40101 SET character_set_client = @saved_cs_client */;

--
-- Dumping data for table `prices`
--

LOCK TABLES `prices` WRITE;
/*!40000 ALTER TABLE `prices` DISABLE KEYS */;
INSERT INTO `prices` VALUES ('AU 717',621,'business'),('AU 717',468,'economy'),('AZ 1271',618,'business'),('AZ 1271',475,'economy'),('AZ 974',618,'business'),('AZ 974',475,'economy'),('AZ 982',618,'business'),('AZ 982',475,'economy'),('CA 7411',585,'business'),('CA 7411',450,'economy'),('EK 1271',195,'business'),('EK 1271',150,'economy'),('EQ 1091',603,'business'),('EQ 1091',464,'economy'),('ES 571',649,'business'),('ES 571',499,'economy'),('ES 971',649,'business'),('ES 971',499,'economy'),('GR 148',725,'business'),('GR 148',557,'economy'),('IN 771',730,'business'),('IN 771',557,'economy'),('IQ 5712',696,'business'),('IQ 5712',535,'economy'),('JS 225',378,'business'),('JS 225',290,'economy'),('JS 472',603,'business'),('JS 472',464,'economy'),('MA 195',694,'business'),('MA 195',534,'economy'),('MN 981',649,'business'),('MN 981',499,'economy'),('NL 717',150,'business'),('NL 717',113,'economy'),('OA 7147',195,'business'),('OA 7147',150,'economy'),('OA 7241',195,'business'),('OA 7241',150,'economy'),('PQ 213',195,'business'),('PQ 213',150,'economy'),('RU 9013',56,'business'),('RU 9013',43,'economy'),('SP 9013',696,'business'),('SP 9013',535,'economy'),('TH 148',574,'business'),('TH 148',442,'economy'),('UK 124',601,'business'),('UK 124',462,'economy'),('UK 5712',0,'business'),('UK 5712',0,'economy'),('XE 1057',603,'business'),('XE 1057',464,'economy');
/*!40000 ALTER TABLE `prices` ENABLE KEYS */;
UNLOCK TABLES;

--
-- Table structure for table `permittedUsers`
--

DROP TABLE IF EXISTS `permittedUsers`;
/*!40101 SET @saved_cs_client     = @@character_set_client */;
/*!40101 SET character_set_client = utf8 */;
CREATE TABLE `permittedUsers` (
  `login` varchar(20) NOT NULL,
  `password` varchar(32) NOT NULL,
  PRIMARY KEY (`login`)
) ENGINE=InnoDB DEFAULT CHARSET=utf8;
/*!40101 SET character_set_client = @saved_cs_client */;

--
-- Dumping data for table `permittedUsers`
--

LOCK TABLES `permittedUsers` WRITE;
/*!40000 ALTER TABLE `permittedUsers` DISABLE KEYS */;
INSERT INTO `permittedUsers` VALUES ('admin','21232f297a57a5a743894a0e4a801fc3'),('andrew','d914e3ecf6cc481114a3f534a5faf90b'),('root','63a9f0ea7bb98050796b649e85481845');
/*!40000 ALTER TABLE `permittedUsers` ENABLE KEYS */;
UNLOCK TABLES;
/*!40103 SET TIME_ZONE=@OLD_TIME_ZONE */;

/*!40101 SET SQL_MODE=@OLD_SQL_MODE */;
/*!40014 SET FOREIGN_KEY_CHECKS=@OLD_FOREIGN_KEY_CHECKS */;
/*!40014 SET UNIQUE_CHECKS=@OLD_UNIQUE_CHECKS */;
/*!40101 SET CHARACTER_SET_CLIENT=@OLD_CHARACTER_SET_CLIENT */;
/*!40101 SET CHARACTER_SET_RESULTS=@OLD_CHARACTER_SET_RESULTS */;
/*!40101 SET COLLATION_CONNECTION=@OLD_COLLATION_CONNECTION */;
/*!40111 SET SQL_NOTES=@OLD_SQL_NOTES */;

-- Dump completed on 2017-07-19  7:03:55
